type,id,subreddit.id,subreddit.name,subreddit.nsfw,created_utc,permalink,domain,url,selftext,title,score
post,ttdab1,2s5ti,meirl,false,1648771149,https://old.reddit.com/r/meirl/comments/ttdab1/meirl/,i.imgur.com,https://i.imgur.com/ucZiw34.jpg,,meirl,93
post,ttd0r4,2s5ti,meirl,false,1648770296,https://old.reddit.com/r/meirl/comments/ttd0r4/me_irl/,i.redd.it,https://i.redd.it/x8sehlq23tq81.jpg,,Me_irl,1
post,ttd04u,2s5ti,meirl,false,1648770242,https://old.reddit.com/r/meirl/comments/ttd04u/meirl/,i.redd.it,https://i.redd.it/p86ehgxw2tq81.jpg,,Meirl,605
post,ttc7og,2s5ti,meirl,false,1648767776,https://old.reddit.com/r/meirl/comments/ttc7og/meirl/,imgur.com,https://imgur.com/KIU84VZ.jpeg,,meirl,67
post,ttc58g,2s5ti,meirl,false,1648767600,https://old.reddit.com/r/meirl/comments/ttc58g/me_irl/,i.redd.it,https://i.redd.it/to2ot762vsq81.jpg,,me irl,32
post,tq58yt,2s5ti,meirl,false,1648458847,https://old.reddit.com/r/meirl/comments/tq58yt/thats_a_hot_slap_feat_will_smith/,v.redd.it,https://v.redd.it/bvgmh6kuc3q81,,That's a hot slap | feat. Will Smith,1
post,tq5cff,2s5ti,meirl,false,1648459281,https://old.reddit.com/r/meirl/comments/tq5cff/will_smith_punch_chris_rock_slow_motion/,youtube.com,https://www.youtube.com/watch?v=gQfTVpHQDEo&amp;feature=youtu.be,,Will Smith punch Chris Rock slow motion,1
post,bew4p1,2s5ti,meirl,false,1555656315,https://old.reddit.com/r/meirl/comments/bew4p1/meirl/,self.meirl,,"That moment when your friend informs you it's your cake day, but you only have 16 minutes before the day is over and you lose your chance to farm karma, so you post to r/meirl hoping that your predicament can entertain some internet people. 

&amp;#x200B;

Edit:  
That moment when it's the day before your cake day but because of timezones it looks like your cake day is about to end when it really is just beginning. \*sigh\*",meirl,12
post,87ic3c,2s5ti,meirl,false,1522156639,https://old.reddit.com/r/meirl/comments/87ic3c/meirl/,ih0.redbubble.net,"https://ih0.redbubble.net/image.216826145.9005/flat,800x800,075,f.jpg",,meirl,0
post,6jq24h,2s5ti,meirl,false,1498533387,https://old.reddit.com/r/meirl/comments/6jq24h/meirl/,i.imgur.com,http://i.imgur.com/qx2FNm4.jpg,,meirl,101